,Beginning,Middle,End,Uniform
$l_2$-error,1.6062308140441832,1.6276653855041543,2.649864516099609,2.187227256696393
FDR,0.0,0.0,0.0,0.0
TPR,1.0,1.0,1.0,1.0
runtime (sec),1.6909644603729248,2.022888660430908,2.2298953533172607,1.707265853881836
