,Beginning,Middle,End,Uniform
$l_2$-error,0.616871344437408,0.7701370267814828,0.5999685241265259,0.7705717972679944
FDR,0.0,0.0,0.0,0.0
TPR,0.9523809523809523,1.0,1.0,0.8695652173913043
runtime (sec),54.56399059295654,53.68310022354126,86.50714778900146,81.11698198318481
